 id  |     chunk_id     
-----+------------------
   7 | af6c3b81a0a0a915
   8 | 8daa5b97fcba96e4
   9 | f40791c1dcae6ed2
  10 | f1700366bcc09fd1
  11 | c35cc8dcd1690893
  12 | b1b4a120a5ddaff8
  13 | 3ce968e7f1dbae77
  14 | 6c58c18bc7d4fe00
  15 | a8060ce896d4d752
  28 | faa71d6dd27c5d0b
  23 | 6df6e1a60e876252
  24 | a178ff76bb3e35a8
  25 | 4e4316eae44af45b
  26 | 0cc7f0347e5ba12e
  27 | e5291caa0c216880
  29 | 9858f4c51418972f
  30 | dd603e02282479f0
  31 | eaa0e74a04565992
  32 | 6b0c05d93f969422
  52 | 395dc41b55908808
  54 | 6979ed15a3c52264
  55 | e0f971236930f97c
  57 | a00c2e48a8377cb1
  59 | 52802b07fcbbb34e
  61 | 135a9f74240aa5ea
  63 | c2c9dcc53b33dd00
  65 | 75b9b7eb4b2df1a7
 108 | 9314e0df72071a12
  67 | f369c77ec21f4ed9
  70 | fcaba648c62ce0d3
  71 | 727da72bcb099366
  74 | 0ebc9834352c76fb
  76 | 5dc01fb15c499922
  78 | 98f46f71a505b7d3
  80 | b29fd21d1206dc94
  82 | d6c546d5e8d032dd
  84 | 67e64b28b17bdfb3
  87 | 53a63629280cf8f1
  89 | fbab8d3a60981d1f
  91 | 7355f2b05e9d19f1
  92 | 4009a36b658c1f37
  94 | 82cb4d7760439723
  96 | c0aec1ede493ee92
  99 | e2eff003f6abfaf0
 101 | c192d43896811184
 103 | 0c7c891f6401733a
 105 | 98c025977040d719
 106 | ccdb20a6916521e6
 110 | f218b02d9d463a78
 112 | 1bad14c671ba10bf
 114 | 0e643e250bf72452
 116 | bb2f6787c9aaa658
 118 | f211c9b746dca5ed
 120 | e5318042fac7ac08
 121 | f35e92d140741ab2
 124 | b8410402b1aa0a41
 126 | ef4e92beb6e2153c
 146 | 39a9b1c4aeeb12e7
 129 | 15a234f481e40979
 130 | a93383fbac431fbf
 133 | 30e655097b20f09a
 136 | 728c63f9adbe27ba
 138 | 35fe5fe5c18ec31a
 139 | 29046292a37c31d9
 141 | 5f00d27fe5922fd1
 143 | 6a8414814f33d8d2
 144 | e0f8b77e04004c51
 539 | d98b27db82a661b7
 148 | dcb1b75ccc730a1e
 150 | b076749b6992e5b5
 152 | d75b9910d969f3a6
 154 | 98e9403f2deda83f
 156 | 584982cc0408458e
 158 | b4209c3dfcf31014
 160 | ac13578e1ff0cb59
 163 | c4bc7faeb9717207
 165 | 5d7edce90c513d2d
 167 | f0a8bfc3f55946e8
 170 | c08915524faa1ee7
 171 | 1ab364c36b950583
 173 | dd7efcab39756e9e
 176 | 9f6269e522aa2566
 178 | 85f31efe39cbdb98
 180 | 0c84f95980606cfa
 182 | 53c84a889b015dc4
 185 | ab171109184760a6
 187 | abba373924e91362
 190 | 7a09db6faa5431e1
 192 | f32d4cd4d45efb19
 195 | 789405512a76b4dc
 197 | a744e2a7b5fa1956
 199 | d98f226188e274c2
 200 | 7f6254bb4429bff9
 202 | ffa8e1019efaee90
 204 | c53abd5189cfa114
 206 | 2e9c8997cd75807d
 207 | 700f8d9da0105012
 209 | 946a404e838e6846
 210 | f3f881a10cf8a090
 213 | 69aaad1dae9bee98
 215 | 614dacef8b9ec57e
 216 | ecc1092efb769d3d
 219 | 3eb2250c17334cd9
 221 | 462700c9a742fd6e
 223 | ee2a11b2d1378b67
 225 | c25a7eb0319e9aad
 260 | 157268a9f52520ca
 227 | 320e3abc4f6829c7
 230 | e49a5b2772bf11b9
 232 | 24b954dbd9802068
 233 | df25914dec299254
 235 | 9b4a49d697564c61
 237 | acf3cb41cd467fee
 239 | 4282fc56f35696c7
 241 | e69a2b37d133d00d
 243 | 8785435a00467209
 245 | af8b3d6037c13afd
 246 | 84c24da706b7af57
 249 | ec3ae4482ed1bee3
 251 | 1f3a05668e9fb2f9
 253 | 5ca75b401c649a04
 255 | baa1f37bff9175f9
 256 | 2bf5a4f78de863f3
 258 | c803cd0258700af4
 261 | c0fe14549353323c
 263 | 2bdf2e8ec27fe8e8
 266 | bba05db479ec7e6b
 267 | e988dc8750a2280f
 268 | 096a62ebf3c66825
 269 | bbb02311ef1de963
 270 | e4ea2f76240d54fd
 271 | 72253bd494580c70
 272 | a80622db8c90fd69
 273 | f5504289cd9e6f1e
 274 | ec0cf8131837f5ec
 275 | 4fea8a53d95e6775
 276 | ee5e978a2ca8232a
 277 | adb88d31fa894c10
 278 | aeb8e93c12b83763
 287 | bcf17d69b2634810
 288 | d4bcd8ad4eddc1d6
 289 | 64c384dc8d448fd2
 290 | 5f5120617db2091f
 291 | 1420ab098c2a70dc
 292 | 930e0108e370e3d4
 293 | a151ad4a2abe697b
 294 | e24cd3919161e4e9
 295 | 53d8b0e31b775ca0
 296 | 6aba0806b0349b93
 297 | c62572c943cdc07d
 298 | 4bb26d0b6e828afc
 299 | bea066f5b29095ba
 300 | 4dff98b365fb5899
 301 | 2de03b4af84bcd73
 312 | 097c541261a53671
 302 | 27137a0bd3641e20
 303 | 055f2881ac3c0506
 304 | 9dbbef6309ed1869
 305 | c2f36cf67f2c4fd3
 306 | 0ee6ea07c7621571
 307 | 25304e35de697e53
 308 | cb5c189e9311a57b
 309 | 41e8b18cb9ce8b85
 310 | d5994d237e6549bd
 311 | 07c4751dcc5ff6f7
 313 | 73bc57de82f5cc9f
 314 | a68b9d5b904643c1
 315 | cf9bf425e27d69ff
 316 | 953f406031b01793
 317 | 86270c869940def8
 333 | a776e69bb6c4fdd8
 318 | e2e0d89bfb2e3e81
 319 | a4ba2a674563335f
 320 | 820a469246d487ae
 321 | 51e9b4f9d85f9aa7
 322 | c5af25c6809ae772
 323 | 312fed8fade2fb16
 324 | d94201576a5ac22f
 325 | ba316ea5b64b2bd7
 326 | 40c03a1ffd6bb80d
 327 | 8fba888bf534b8e1
 328 | c6c92c0775c3e4dc
 329 | 48ddbad4e89f7653
 330 | a91b9817e589d7dc
 331 | 83e01f94cba17d54
 332 | 35e0416f42009f8f
 334 | e66977db5df05ad2
 335 | 8490b8f228f508a5
 336 | 2e811dbb127dc2e8
 337 | 8a2574dc94006572
 338 | b546b539359e8c83
 339 | 03390ab5e9f7d6d5
 340 | 98a56de4a02a57f8
 341 | 85fa3241b456325c
 342 | 08fe1718c2ec468b
 454 | 42fe8d9b95822f0b
 343 | 59dc8393fd306e7d
 344 | ae7ee0a7649a308e
 345 | e03c1564e388070f
 346 | 85c81a529b860f34
 347 | 24f795380666f444
 348 | 4b771cae31997290
 349 | 3be3693761b84823
 350 | 17f5dd9f5f525089
 351 | a3cd51f65e56b426
 352 | 70ebad20e8d848d7
 353 | 71e464329a2c3a92
 354 | a3856b3c21e78117
 355 | 5f1f50212e276922
 356 | 35dc423885bc1244
 357 | c5456f01433e4c20
 358 | e6d14fd027ba2abd
 359 | 06fdc130959660ab
 360 | 94c0a02efd4f1f00
 361 | 8a3103b15eae8f46
 362 | 14f3b1ba407594f1
 363 | a494a37a98a8d4cd
 364 | 145440fbb691b5fa
 365 | fcbe8ad867162287
 366 | 2905ff49c557c296
 367 | 12e8acc204efa2b3
 368 | 1089d4030be68e6b
 369 | bbeac7a1334c7d8a
 370 | a9e5e4d07566cab5
 375 | bbe3b54c558a69a3
 371 | dacb9cb5466a7fbc
 372 | 2248f0499ed7aaae
 373 | c681e27e8b7beffa
 374 | 88f177fc0eabb202
 376 | 3b77646e0829c161
 377 | cc8d9ddbaa6b2f28
 378 | 464996fd25bc19a8
 379 | b96b345b36a54f5b
 380 | 050e1f6abbd24cab
 413 | 3042727c842b355f
 381 | ca157bb48717612b
 382 | c7c1edb2ba8055a8
 383 | c8e40d2ddd8d32e2
 384 | 239c78e1e176ed36
 385 | a04b9e96ce3265d9
 436 | 8987d5c8cf7d6d4c
 386 | e6dc8ca3b1a898bd
 387 | 6925cb59a76f00eb
 388 | dbb1ac77804c9dfb
 389 | b5210881b229479a
 390 | 01c9a8271798cfab
 391 | 0e53134ab82c239b
 392 | ba40087ab0d75912
 393 | 7cf186323d393a95
 394 | 2918bad397997959
 395 | b37fa18b58386fc2
 396 | 2edb77142b292eba
 397 | da95821f86b4117e
 398 | 8ec6da61380e78a4
 399 | 0668180bedb67ac2
 400 | 4de34f7bb3e3650e
 401 | 6c7ab47a8b18f765
 402 | d8cf2ab4e462a3b7
 403 | e6f73d099e77fede
 404 | 828226b6a1acf73f
 405 | ed0014706feed0a9
 406 | 09ec343dc59f336d
 407 | a13cfc6d1b8f30b4
 408 | 6187ef698f99d885
 409 | 163e15e4c9fe26c4
 410 | 992717e656ed9127
 411 | 179e6d07a3200004
 412 | 4c9c3fc1a77e8060
 414 | 83d8802656792e8b
 415 | ec156cb924d023e0
 416 | 44bc1ffda824d593
 417 | d86ceb7e10531ed6
 418 | 92d17773cf4fd53d
 419 | a7f289a6df7e92f4
 420 | 457ce673c2bc677f
 421 | e651400cc0c530b0
 422 | 38e78f01bc409811
 423 | 96f98268a28337ec
 424 | 319fd98190282a31
 425 | b6d4a5e486cbd683
 426 | 9a6e7c818e0d5760
 427 | 287246d8ea774f5c
 428 | bc6769e2f99ecbbc
 429 | 67fcf3ead92e64b7
 430 | c763de94af510ab2
 431 | b7be0547c1af4d3f
 432 | 26e9f474f10b1447
 433 | 5fbb6d08c4451cd7
 434 | 0197fe83bf1562cc
 435 | 5b7850ae14f75fb2
 437 | 2faeee964d7ed4bd
 438 | 14748aa8e3377c2e
 439 | d4621d20a16d5adb
 440 | 06ac84e542d48e25
 441 | 1b61177b64b2bf40
 455 | 862ff6e7095ffe37
 442 | ad1d6b2c0924ddd3
 443 | c5e60eb17c4f9ba2
 444 | 7e023787698c261f
 445 | 5460990be9a0babc
 446 | bce3cda918fdef35
 537 | df4a8d42cc297844
 447 | 2b62074d248144ed
 448 | e4519381b5a177e4
 449 | 4510557eca76e62f
 450 | 53a1e5199921209d
 451 | 1132a699e29c8e0d
 452 | 8b9917a5151ad997
 453 | 51e027e07bcb3cad
 456 | 8e752c60b51240df
 457 | 5b0516845e4b62e9
 458 | b4d4395357bc0b01
 459 | 7f527273250116ca
 460 | 812e54ee492fcacb
 461 | b943db596e0fa934
 462 | 72fa9ad75e7b839e
 463 | a8f90df7356f3c60
 464 | 2184ec0edf290cac
 465 | b228b36d326a1a4d
 466 | c22ccd5810bed40f
 467 | edee5fb7013dcbd4
 468 | 87c4baf817a1e95f
 469 | d212db64f9c34b27
 538 | b48662beafedec89
 470 | ff8616303c326ab4
 471 | 37a578e4560438f2
 472 | 5bd6a1b07fd81cbe
 473 | 8b233056f4498b04
 474 | 7704f802058421fb
 513 | 6ee5e5dad9e6d9fc
 475 | 2245198bf109856a
 476 | 2bf663a97dd02e6c
 477 | 71236c01f0ad4a74
 478 | 4759bd225cdef361
 479 | 00fa4cbf4bbaeb18
 514 | 318775098f4c0d36
 480 | b874fcc946dfe7fb
 481 | 7e44401f1ecafbdc
 482 | 3b5b5eccf844a374
 483 | 5bc175e7df9cdc80
 484 | 35df899329d174e5
 489 | a01f91c15ed7e34a
 485 | 19554334108466b6
 486 | c272add83b5f2177
 487 | f6423c1f5bdd4aec
 488 | a9359347e1576684
 522 | 1d43edb2d5e7478a
 490 | 67cc976bc7d470c3
 491 | 8aa435de7b4b8546
 492 | b8224759926a97b1
 493 | 4a4e4c754cd57139
 494 | b1938e7a63677203
 495 | 11cea9e50cefa48a
 496 | 8964c554be1cd051
 497 | ecda6c613e297355
 498 | b5a4d28ea106234e
 499 | f0e5c5ffbc47ff3d
 500 | 7f6bfb8dc32d89e4
 501 | 507e8d9e81c3cdd1
 502 | 5a65666d9a15026e
 503 | 1d8edf43e0bfee9b
 504 | f5af5c257a11d717
 505 | 281a0e0357b27a32
 506 | 1220d10330b84373
 507 | 9aa9c2f648342a11
 508 | 105b382391551ca7
 509 | 49c032cade2694c6
 510 | b66a1e89ffc0b232
 511 | ce11b90ce870747b
 512 | e543cfb3a80acdb7
 515 | 4f3867ac6eb82989
 516 | b90e72c51ce6bc63
 517 | af9418c19613289b
 518 | 6b977bbb76bb4191
 519 | 3b2a16a9d6829336
 520 | f19d5ebc315259a0
 521 | 26006e5eaa410219
 523 | bcfa423a8134335f
 524 | 11033b53c105fdfd
 525 | 6fe2c276de4a6659
 526 | 46b5a2fe20e29a04
 527 | d5499d9093a22cda
 528 | db9f9c54fd789d8d
 529 | b1a0e9c3fbf43180
 530 | e5024f58f28a5740
 531 | 7dd4f8cc105f9733
 532 | f1c47432de587c22
 533 | 6e48bce580dd209d
 534 | 3ce57dde1f05e9ce
 535 | 69424819639411c5
 536 | a421aa4c7b57db78
 540 | 94c87f0a8caa8853
 541 | 848b9e120534d5a7
 542 | 9dee5bb7026a4522
 543 | 60bcc3fb2b9cc3a1
 544 | 8c0c5b8e092043e2
 545 | 06d40aee234ae66b
 546 | db4205511fc24fd0
 547 | e752fffb5cbde071
 548 | 7461c7e20cbac27e
 549 | 6c81e6213563db19
 550 | c4b5ee7a064734b3
 551 | 6e8cf996dd15eb62
 552 | 40dc72afafde4e69
 553 | 074fa175dbff34bb
 554 | 97dc333ac33ea632
 555 | 24ed3fd6535ea3cd
 556 | bba7d141bcba2489
 557 | b54585f1776bf889
 563 | 79adeb7ac5c5b51a
 558 | 2384dff3316f647f
 559 | 5bb260b0a40219d0
 560 | bfa7c081ded11eaf
 561 | 787ac6135ded9601
 562 | e24ea36a7d941750
 616 | 2cd9fb4f8418cac5
 564 | cf0a5344b07f3f22
 565 | dfb86a7cc7d1b6f2
 566 | 90accc7a2bdf08d0
 567 | 193c171c20d26219
 568 | 741f186724f78da4
 569 | ff1fb975a82ac88a
 570 | 9574428f6ecf2f5a
 571 | 90d3fde47a9fcb91
 572 | e6dc9caa5180fed9
 573 | e532f5cafe1ee6de
 574 | 1db756676fdedb15
 617 | c67d60619b711589
 575 | 11cdd4ef7e3f188c
 576 | ed8290dcd272859d
 577 | 3ff7e17d2172fdaa
 578 | ad1b0682c20919df
 579 | ecdf1d0ed7cd1eb5
 580 | efbb35a841ee8a47
 581 | 746c78587a7470ae
 582 | 19778058a83f07c8
 583 | 37d86efd230fb939
 584 | 050e223827f06938
 585 | 786b5543944058bc
 586 | aa017891127920e1
 587 | bffc82fadabafabe
 588 | 53d23c5b7c1ecaae
 589 | be3d9bfc0bcb2a7c
 590 | 37054203a2895f0d
 591 | b396aaf80d5ed9b3
 592 | 97b5b8cbcbae2fce
 593 | 2aa4b585c48f2770
 594 | 4cb44c2b1104a592
 595 | 7581203dd32cb86d
 596 | c892123382bf7765
 597 | 6327405f4ab9d707
 598 | 5ba7fa9997b9b494
 599 | f78050d9257f682d
 600 | 7582bea375ba1f9a
 601 | 5dbd203d127a3fe2
 602 | 2e3f6fdc4323bbb4
 603 | cb0802a3ac4e56de
 604 | 3250c789b89dd639
 605 | 81f90ffd1a2d57fb
 606 | 511145928e15c3cc
 607 | 6620d7a9f20d92c8
 608 | 3e0ada218fbd45aa
 609 | 857e20376a701a58
 610 | 54736691c5093e78
 611 | e7f1ee6e136d4b77
 612 | 868c07f9aa228e65
 613 | 2a53c1b0489fec3e
 614 | 2a6dbb7e05e1d7fb
 615 | 50c91d259d7468bd
 618 | 1278f5fe810a6a17
 619 | dd0c64a9145594fe
 620 | ec3913f8bfac22fe
 621 | 7504c85b5f79550d
 622 | 7ac0f3fbeb6b8731
 623 | 2d1ae796abee6ed1
 624 | 3cc39cf446ef9acc
 625 | 212886fddc19cd3b
 626 | 8df81b4e03bae164
 627 | 40b5da87cf97a63f
 641 | d9ac777e5271e53a
 628 | 08c3bd87dc963d2e
 629 | 3a88534bcb813b0c
 630 | 5593908403e6727a
 631 | af474a8146ccadc8
 646 | 77651596665b95fb
 632 | a0d25023f2fbf802
 633 | 80c0373a9bdbc36e
 634 | 0e455dc17246e9cd
 635 | 2f3aa7fe2027f562
 647 | dac6bacaf97a3077
 636 | a00c2506a49a58af
 637 | 854b5ba348f94417
 638 | 31aedce6dcaa237f
 639 | f7d9cb53242d94bd
 640 | be54e905767fae77
 642 | 5843a7ac98d79835
 643 | cf25dc2164bc1ee3
 644 | 9f48aaeef2fed962
 645 | a9ff23de5b2b3a84
 654 | a8bff05a2f5b3715
 648 | 96fbc76d042b0609
 649 | 26e0c1f43a19f682
 650 | 4608e4bd0fb59236
 651 | 01f7ad73269708fd
 652 | d6d52900e9428000
 653 | 37f2b046edb7e738
 655 | 31dabfae2c6afecc
 656 | 3b64822d1a006226
 657 | cbe44d6f441afa78
 658 | 74f445d6d285f97a
 659 | c99fa35e82e343b9
 660 | d3bdf43451df0b93
 661 | 87d596c0873077b1
 662 | cc878c3773201814
 663 | 0c8cd544c67f3a25
 664 | e3302eb7d25b1198
 665 | 484487c6edaf3490
 706 | 446ee9076eae1b29
 666 | 3658dffab4a76a21
 667 | b0b71835b1b15561
 668 | b4b8be0b04767449
 669 | ba807fc15ff89dbd
 670 | 4b8a6b7314a48e53
 671 | c99034d08c353ced
 672 | e1d796f6d7d71a68
 673 | b078f7d011771227
 674 | 316879c7f38f44f4
 675 | 0015516ee4027001
 676 | 5200f908f928ffd6
 677 | f265867d2c3dbfde
 678 | f89487f224ea8c6c
 679 | 620ad46a764cb725
 680 | 9bd7efb8a1678857
 681 | e123df2e1ed984a6
 682 | 7cd76c4cdb336c02
 707 | 160a389cb4e1d9cb
 683 | 0666d0907f59b044
 684 | 4d9cdb273930a7a6
 685 | afe478ebd79e249c
 686 | d77971072ba893c7
 687 | 8c6431ef3a2ace2b
 688 | f6f64b0eda7e88ae
 689 | 1345a472b7a0f49d
 690 | eb40cc33e5a2cb55
 691 | bbb30d8cc8192e9f
 692 | 5d176bc18656efa9
 693 | e13a1356f1be2f1d
 694 | 4e5bac932f09569c
 695 | ef0e2a3d70bde681
 713 | ea1f3a6d887df220
 696 | 7c587fc27bac752b
 697 | 232129b2713bb41a
 698 | db8ea0e12b8a86d1
 699 | b02b6493b5345f34
 700 | 99880b10b52090ea
 701 | d6dce11805f1e75d
 702 | dd5a4695c74528b6
 703 | 920e96360c1d3bf2
 704 | 23b7df20d7681747
 705 | 44f7c982fd1d72a6
 708 | 835e7593f23a949b
 709 | d9c300c51d0ed13a
 710 | 6d825f1ba8ab101d
 711 | 2a40a3f3e883295b
 712 | 44f9b1d3ad2a1152
 714 | 0fd2911c26b534e6
 715 | 4ca041c5f2af96ee
 716 | 2793346102c069d9
 717 | c5b5fb02d1e72558
 718 | 78d996268a9f5556
 719 | 3056ed62909c9ec7
 720 | eacfcf077ba63e8a
 721 | a9622c26d8eb6449
 722 | c3c5641fa8cb5b11
(574 rows)

UPDATE 574
