 id  |     chunk_id     |          created_at           
-----+------------------+-------------------------------
   1 | 8daa5b97fcba96e4 | 2026-02-03 14:31:53.775368+08
   2 | f40791c1dcae6ed2 | 2026-02-03 14:31:53.775368+08
   3 | f1700366bcc09fd1 | 2026-02-03 14:31:53.775368+08
   4 | c35cc8dcd1690893 | 2026-02-03 14:31:53.775368+08
   5 | b1b4a120a5ddaff8 | 2026-02-03 14:31:53.775368+08
   6 | 3ce968e7f1dbae77 | 2026-02-03 14:31:53.775368+08
  17 | 6aba0806b0349b93 | 2026-02-07 00:34:15.691076+08
  16 | 53d8b0e31b775ca0 | 2026-02-07 00:34:15.691076+08
  18 | c62572c943cdc07d | 2026-02-07 00:34:15.691076+08
  19 | 4bb26d0b6e828afc | 2026-02-07 00:34:15.691076+08
  20 | bea066f5b29095ba | 2026-02-07 00:34:15.691076+08
  21 | 4dff98b365fb5899 | 2026-02-07 00:34:15.691076+08
  22 | 2de03b4af84bcd73 | 2026-02-07 00:34:15.691076+08
  33 | 53d8b0e31b775ca0 | 2026-02-07 23:48:38.029422+08
  34 | 6aba0806b0349b93 | 2026-02-07 23:48:38.029422+08
  35 | c62572c943cdc07d | 2026-02-07 23:48:38.029422+08
  86 | 9314e0df72071a12 | 2026-02-09 07:40:37.789352+08
  36 | 4bb26d0b6e828afc | 2026-02-07 23:48:38.029422+08
  37 | bea066f5b29095ba | 2026-02-07 23:48:38.029422+08
  38 | 4dff98b365fb5899 | 2026-02-07 23:48:38.029422+08
  39 | 2de03b4af84bcd73 | 2026-02-07 23:48:38.029422+08
  40 | 27137a0bd3641e20 | 2026-02-07 23:48:38.029422+08
  41 | 395dc41b55908808 | 2026-02-09 07:40:37.789352+08
  42 | 6979ed15a3c52264 | 2026-02-09 07:40:37.789352+08
  43 | e0f971236930f97c | 2026-02-09 07:40:37.789352+08
  44 | a00c2e48a8377cb1 | 2026-02-09 07:40:37.789352+08
  45 | 52802b07fcbbb34e | 2026-02-09 07:40:37.789352+08
  46 | 135a9f74240aa5ea | 2026-02-09 07:40:37.789352+08
  47 | c2c9dcc53b33dd00 | 2026-02-09 07:40:37.789352+08
  48 | 75b9b7eb4b2df1a7 | 2026-02-09 07:40:37.789352+08
  49 | f369c77ec21f4ed9 | 2026-02-09 07:40:37.789352+08
  50 | fcaba648c62ce0d3 | 2026-02-09 07:40:37.789352+08
  51 | 727da72bcb099366 | 2026-02-09 07:40:37.789352+08
  53 | 0ebc9834352c76fb | 2026-02-09 07:40:37.789352+08
  56 | 5dc01fb15c499922 | 2026-02-09 07:40:37.789352+08
  58 | 98f46f71a505b7d3 | 2026-02-09 07:40:37.789352+08
  60 | b29fd21d1206dc94 | 2026-02-09 07:40:37.789352+08
  62 | d6c546d5e8d032dd | 2026-02-09 07:40:37.789352+08
  64 | 67e64b28b17bdfb3 | 2026-02-09 07:40:37.789352+08
  66 | 53a63629280cf8f1 | 2026-02-09 07:40:37.789352+08
  68 | fbab8d3a60981d1f | 2026-02-09 07:40:37.789352+08
  69 | 7355f2b05e9d19f1 | 2026-02-09 07:40:37.789352+08
  72 | 4009a36b658c1f37 | 2026-02-09 07:40:37.789352+08
  73 | 82cb4d7760439723 | 2026-02-09 07:40:37.789352+08
  85 | ccdb20a6916521e6 | 2026-02-09 07:40:37.789352+08
  75 | c0aec1ede493ee92 | 2026-02-09 07:40:37.789352+08
  77 | e2eff003f6abfaf0 | 2026-02-09 07:40:37.789352+08
  79 | c192d43896811184 | 2026-02-09 07:40:37.789352+08
  81 | 0c7c891f6401733a | 2026-02-09 07:40:37.789352+08
  83 | 98c025977040d719 | 2026-02-09 07:40:37.789352+08
 188 | 614dacef8b9ec57e | 2026-02-09 07:40:37.789352+08
  88 | f218b02d9d463a78 | 2026-02-09 07:40:37.789352+08
  90 | 1bad14c671ba10bf | 2026-02-09 07:40:37.789352+08
  93 | 0e643e250bf72452 | 2026-02-09 07:40:37.789352+08
  95 | bb2f6787c9aaa658 | 2026-02-09 07:40:37.789352+08
  97 | f211c9b746dca5ed | 2026-02-09 07:40:37.789352+08
  98 | e5318042fac7ac08 | 2026-02-09 07:40:37.789352+08
 100 | f35e92d140741ab2 | 2026-02-09 07:40:37.789352+08
 102 | b8410402b1aa0a41 | 2026-02-09 07:40:37.789352+08
 104 | ef4e92beb6e2153c | 2026-02-09 07:40:37.789352+08
 107 | 15a234f481e40979 | 2026-02-09 07:40:37.789352+08
 119 | 5f00d27fe5922fd1 | 2026-02-09 07:40:37.789352+08
 109 | a93383fbac431fbf | 2026-02-09 07:40:37.789352+08
 111 | 30e655097b20f09a | 2026-02-09 07:40:37.789352+08
 113 | 728c63f9adbe27ba | 2026-02-09 07:40:37.789352+08
 115 | 35fe5fe5c18ec31a | 2026-02-09 07:40:37.789352+08
 117 | 29046292a37c31d9 | 2026-02-09 07:40:37.789352+08
 122 | 6a8414814f33d8d2 | 2026-02-09 07:40:37.789352+08
 123 | e0f8b77e04004c51 | 2026-02-09 07:40:37.789352+08
 125 | 39a9b1c4aeeb12e7 | 2026-02-09 07:40:37.789352+08
 127 | dcb1b75ccc730a1e | 2026-02-09 07:40:37.789352+08
 128 | b076749b6992e5b5 | 2026-02-09 07:40:37.789352+08
 131 | d75b9910d969f3a6 | 2026-02-09 07:40:37.789352+08
 184 | f3f881a10cf8a090 | 2026-02-09 07:40:37.789352+08
 132 | 98e9403f2deda83f | 2026-02-09 07:40:37.789352+08
 134 | 584982cc0408458e | 2026-02-09 07:40:37.789352+08
 135 | b4209c3dfcf31014 | 2026-02-09 07:40:37.789352+08
 137 | ac13578e1ff0cb59 | 2026-02-09 07:40:37.789352+08
 140 | c4bc7faeb9717207 | 2026-02-09 07:40:37.789352+08
 142 | 5d7edce90c513d2d | 2026-02-09 07:40:37.789352+08
 145 | f0a8bfc3f55946e8 | 2026-02-09 07:40:37.789352+08
 147 | c08915524faa1ee7 | 2026-02-09 07:40:37.789352+08
 149 | 1ab364c36b950583 | 2026-02-09 07:40:37.789352+08
 151 | dd7efcab39756e9e | 2026-02-09 07:40:37.789352+08
 153 | 9f6269e522aa2566 | 2026-02-09 07:40:37.789352+08
 155 | 85f31efe39cbdb98 | 2026-02-09 07:40:37.789352+08
 157 | 0c84f95980606cfa | 2026-02-09 07:40:37.789352+08
 159 | 53c84a889b015dc4 | 2026-02-09 07:40:37.789352+08
 161 | ab171109184760a6 | 2026-02-09 07:40:37.789352+08
 162 | abba373924e91362 | 2026-02-09 07:40:37.789352+08
 164 | 7a09db6faa5431e1 | 2026-02-09 07:40:37.789352+08
 166 | f32d4cd4d45efb19 | 2026-02-09 07:40:37.789352+08
 168 | 789405512a76b4dc | 2026-02-09 07:40:37.789352+08
 169 | a744e2a7b5fa1956 | 2026-02-09 07:40:37.789352+08
 186 | 69aaad1dae9bee98 | 2026-02-09 07:40:37.789352+08
 172 | d98f226188e274c2 | 2026-02-09 07:40:37.789352+08
 174 | 7f6254bb4429bff9 | 2026-02-09 07:40:37.789352+08
 175 | ffa8e1019efaee90 | 2026-02-09 07:40:37.789352+08
 177 | c53abd5189cfa114 | 2026-02-09 07:40:37.789352+08
 179 | 2e9c8997cd75807d | 2026-02-09 07:40:37.789352+08
 181 | 700f8d9da0105012 | 2026-02-09 07:40:37.789352+08
 183 | 946a404e838e6846 | 2026-02-09 07:40:37.789352+08
 189 | ecc1092efb769d3d | 2026-02-09 07:40:37.789352+08
 191 | 3eb2250c17334cd9 | 2026-02-09 07:40:37.789352+08
 193 | 462700c9a742fd6e | 2026-02-09 07:40:37.789352+08
 194 | ee2a11b2d1378b67 | 2026-02-09 07:40:37.789352+08
 196 | c25a7eb0319e9aad | 2026-02-09 07:40:37.789352+08
 198 | 320e3abc4f6829c7 | 2026-02-09 07:40:37.789352+08
 201 | e49a5b2772bf11b9 | 2026-02-09 07:40:37.789352+08
 203 | 24b954dbd9802068 | 2026-02-09 07:40:37.789352+08
 205 | df25914dec299254 | 2026-02-09 07:40:37.789352+08
 208 | 9b4a49d697564c61 | 2026-02-09 07:40:37.789352+08
 211 | acf3cb41cd467fee | 2026-02-09 07:40:37.789352+08
 212 | 4282fc56f35696c7 | 2026-02-09 07:40:37.789352+08
 214 | e69a2b37d133d00d | 2026-02-09 07:40:37.789352+08
 217 | 8785435a00467209 | 2026-02-09 07:40:37.789352+08
 218 | af8b3d6037c13afd | 2026-02-09 07:40:37.789352+08
 220 | 84c24da706b7af57 | 2026-02-09 07:40:37.789352+08
 222 | ec3ae4482ed1bee3 | 2026-02-09 07:40:37.789352+08
 244 | 096a62ebf3c66825 | 2026-02-09 07:40:37.789352+08
 224 | 1f3a05668e9fb2f9 | 2026-02-09 07:40:37.789352+08
 226 | 5ca75b401c649a04 | 2026-02-09 07:40:37.789352+08
 228 | baa1f37bff9175f9 | 2026-02-09 07:40:37.789352+08
 229 | 2bf5a4f78de863f3 | 2026-02-09 07:40:37.789352+08
 231 | c803cd0258700af4 | 2026-02-09 07:40:37.789352+08
 234 | 157268a9f52520ca | 2026-02-09 07:40:37.789352+08
 236 | c0fe14549353323c | 2026-02-09 07:40:37.789352+08
 238 | 2bdf2e8ec27fe8e8 | 2026-02-09 07:40:37.789352+08
 240 | bba05db479ec7e6b | 2026-02-09 07:40:37.789352+08
 242 | e988dc8750a2280f | 2026-02-09 07:40:37.789352+08
 247 | bbb02311ef1de963 | 2026-02-09 07:40:37.789352+08
 248 | e4ea2f76240d54fd | 2026-02-09 07:40:37.789352+08
 250 | 72253bd494580c70 | 2026-02-09 07:40:37.789352+08
 252 | a80622db8c90fd69 | 2026-02-09 07:40:37.789352+08
 254 | f5504289cd9e6f1e | 2026-02-09 07:40:37.789352+08
 257 | ec0cf8131837f5ec | 2026-02-09 07:40:37.789352+08
 259 | 4fea8a53d95e6775 | 2026-02-09 07:40:37.789352+08
 262 | ee5e978a2ca8232a | 2026-02-09 07:40:37.789352+08
 264 | adb88d31fa894c10 | 2026-02-09 07:40:37.789352+08
 265 | aeb8e93c12b83763 | 2026-02-09 07:40:37.789352+08
 279 | 53d8b0e31b775ca0 | 2026-02-09 21:52:46.856629+08
 280 | 6aba0806b0349b93 | 2026-02-09 21:52:46.856629+08
 281 | c62572c943cdc07d | 2026-02-09 21:52:46.856629+08
 282 | 4bb26d0b6e828afc | 2026-02-09 21:52:46.856629+08
 283 | bea066f5b29095ba | 2026-02-09 21:52:46.856629+08
 284 | 4dff98b365fb5899 | 2026-02-09 21:52:46.856629+08
 285 | 2de03b4af84bcd73 | 2026-02-09 21:52:46.856629+08
 286 | 27137a0bd3641e20 | 2026-02-09 21:52:46.856629+08
(148 rows)

DELETE 148
